Workbook
Name DE: Sheet1!$C$12
Name DH: Sheet1!$C$10
Name DQ: Sheet1!$C$11
Name DS: Sheet1!$C$13
Name E: Sheet1!$C$8
Name H: Sheet1!$C$6
Name Q: Sheet1!$C$7
Name S: Sheet1!$C$9
Name W: Sheet1!$C$4

Sheet Macro1

Sheet DataList_EnemyA
A1: DataList
A2: No | B2: 音符の種類 | C2: 拍 | D2: 音階 | E2: 改行 | G2: 足すもの
A3: 1 | B3: 1 | C3: 3.2 | D3: 5 | F3: a
A4: 2 | B4: 1 | C4: =VLOOKUP(DataList_EnemyA!G4, Sheet1!$B$4:$C$13, 2, FALSE) +DataList_EnemyA!C3 -> 4.7 | D4: 6 | G4: H | H4: =VLOOKUP(G4, Sheet1!$B$4:$C$13, 2, FALSE) + C3 -> 4.7
A5: 3 | B5: 1 | C5: =VLOOKUP(DataList_EnemyA!G5, Sheet1!$B$4:$C$13, 2, FALSE) +DataList_EnemyA!C4 -> 5.825 | D5: 9 | G5: DQ | H5: =VLOOKUP(G5, Sheet1!$B$4:$C$13, 2, FALSE) + H4 -> 5.825
A6: 4 | B6: 1 | C6: =VLOOKUP(DataList_EnemyA!G6, Sheet1!$B$4:$C$13, 2, FALSE) +DataList_EnemyA!C5 -> 6.0125 | D6: 10 | G6: S | H6: =VLOOKUP(G6, Sheet1!$B$4:$C$13, 2, FALSE) + H5 -> 6.0125
A7: 5 | B7: 3 | C7: =VLOOKUP(DataList_EnemyA!G7, Sheet1!$B$4:$C$13, 2, FALSE) +DataList_EnemyA!C6 -> 6.3875 | D7: 0 | G7: E | H7: =VLOOKUP(G7, Sheet1!$B$4:$C$13, 2, FALSE) + H6 -> 6.3875
A8: 6 | B8: 1 | C8: =VLOOKUP(DataList_EnemyA!G8, Sheet1!$B$4:$C$13, 2, FALSE) +DataList_EnemyA!C7 -> 7.5125 | D8: 10 | G8: DQ | H8: =VLOOKUP(G8, Sheet1!$B$4:$C$13, 2, FALSE) + H7 -> 7.5125
A9: 7 | B9: 3 | C9: =VLOOKUP(DataList_EnemyA!G9, Sheet1!$B$4:$C$13, 2, FALSE) +DataList_EnemyA!C8 -> 7.8875 | D9: 0 | E9: 1 | F9: ae | G9: E | H9: =VLOOKUP(G9, Sheet1!$B$4:$C$13, 2, FALSE) + H8 -> 7.8875
A10: 8 | B10: 2 | C10: =VLOOKUP(DataList_EnemyA!G10, Sheet1!$B$4:$C$13, 2, FALSE) +DataList_EnemyA!C9 -> 9.3875 | D10: 5 | F10: a1 | G10: H | H10: =VLOOKUP(G10, Sheet1!$B$4:$C$13, 2, FALSE) + H9 -> 9.3875
A11: 9 | B11: 2 | C11: =VLOOKUP(DataList_EnemyA!G11, Sheet1!$B$4:$C$13, 2, FALSE) +DataList_EnemyA!C10 -> 10.1375 | D11: 9 | G11: Q | H11: =VLOOKUP(G11, Sheet1!$B$4:$C$13, 2, FALSE) + H10 -> 10.1375
A12: 10 | B12: 2 | C12: =VLOOKUP(DataList_EnemyA!G12, Sheet1!$B$4:$C$13, 2, FALSE) +DataList_EnemyA!C11 -> 10.5125 | D12: 10 | G12: E | H12: =VLOOKUP(G12, Sheet1!$B$4:$C$13, 2, FALSE) + H11 -> 10.5125
A13: 11 | B13: 3 | C13: =VLOOKUP(DataList_EnemyA!G13, Sheet1!$B$4:$C$13, 2, FALSE) +DataList_EnemyA!C12 -> 10.79375 | D13: 0 | G13: DS | H13: =VLOOKUP(G13, Sheet1!$B$4:$C$13, 2, FALSE) + H12 -> 10.79375
A14: 12 | B14: 3 | C14: =VLOOKUP(DataList_EnemyA!G14, Sheet1!$B$4:$C$13, 2, FALSE) +DataList_EnemyA!C13 -> 11.91875 | D14: 0 | G14: DQ | H14: =VLOOKUP(G14, Sheet1!$B$4:$C$13, 2, FALSE) + H13 -> 11.91875
A15: 13 | B15: 3 | C15: =VLOOKUP(DataList_EnemyA!G15, Sheet1!$B$4:$C$13, 2, FALSE) +DataList_EnemyA!C14 -> 12.2 | D15: 2 | G15: DS | H15: =VLOOKUP(G15, Sheet1!$B$4:$C$13, 2, FALSE) + H14 -> 12.2
A16: 14 | B16: 3 | C16: =VLOOKUP(DataList_EnemyA!G16, Sheet1!$B$4:$C$13, 2, FALSE) +DataList_EnemyA!C15 -> 12.48125 | D16: 3 | G16: DS | H16: =VLOOKUP(G16, Sheet1!$B$4:$C$13, 2, FALSE) + H15 -> 12.48125
A17: 15 | B17: 3 | C17: =VLOOKUP(DataList_EnemyA!G17, Sheet1!$B$4:$C$13, 2, FALSE) +DataList_EnemyA!C16 -> 13.04375 | D17: 2 | G17: DE | H17: =VLOOKUP(G17, Sheet1!$B$4:$C$13, 2, FALSE) + H16 -> 13.04375
A18: 16 | B18: 1 | C18: =VLOOKUP(DataList_EnemyA!G18, Sheet1!$B$4:$C$13, 2, FALSE) +DataList_EnemyA!C17 -> 13.79375 | D18: 10 | G18: Q | H18: =VLOOKUP(G18, Sheet1!$B$4:$C$13, 2, FALSE) + H17 -> 13.79375
A19: 17 | B19: 2 | C19: =VLOOKUP(DataList_EnemyA!G19, Sheet1!$B$4:$C$13, 2, FALSE) +DataList_EnemyA!C18 -> 14.54375 | D19: 5 | E19: 1 | F19: ae | G19: Q | H19: =VLOOKUP(G19, Sheet1!$B$4:$C$13, 2, FALSE) + H18 -> 14.54375
A20: 18 | B20: 3 | C20: =VLOOKUP(DataList_EnemyA!G20, Sheet1!$B$4:$C$13, 2, FALSE) +DataList_EnemyA!C19 -> 15.29375 | D20: 2 | F20: a2 | G20: Q | H20: =VLOOKUP(G20, Sheet1!$B$4:$C$13, 2, FALSE) + H19 -> 15.29375
A21: 19 | B21: 3 | C21: =VLOOKUP(DataList_EnemyA!G21, Sheet1!$B$4:$C$13, 2, FALSE) +DataList_EnemyA!C20 -> 16.79375 | D21: 0 | G21: H | H21: =VLOOKUP(G21, Sheet1!$B$4:$C$13, 2, FALSE) + H20 -> 16.79375
A22: 20 | B22: 3 | C22: =VLOOKUP(DataList_EnemyA!G22, Sheet1!$B$4:$C$13, 2, FALSE) +DataList_EnemyA!C21 -> 18.29375 | D22: 0 | G22: H | H22: =VLOOKUP(G22, Sheet1!$B$4:$C$13, 2, FALSE) + H21 -> 18.29375
A23: 21 | B23: 3 | C23: =VLOOKUP(DataList_EnemyA!G23, Sheet1!$B$4:$C$13, 2, FALSE) +DataList_EnemyA!C22 -> 18.66875 | D23: 2 | G23: E | H23: =VLOOKUP(G23, Sheet1!$B$4:$C$13, 2, FALSE) + H22 -> 18.66875
A24: 22 | B24: 3 | C24: =VLOOKUP(DataList_EnemyA!G24, Sheet1!$B$4:$C$13, 2, FALSE) +DataList_EnemyA!C23 -> 19.04375 | D24: 5 | G24: E | H24: =VLOOKUP(G24, Sheet1!$B$4:$C$13, 2, FALSE) + H23 -> 19.04375
A25: 23 | B25: 3 | C25: =VLOOKUP(DataList_EnemyA!G25, Sheet1!$B$4:$C$13, 2, FALSE) +DataList_EnemyA!C24 -> 19.41875 | D25: 2 | G25: E | H25: =VLOOKUP(G25, Sheet1!$B$4:$C$13, 2, FALSE) + H24 -> 19.41875
A26: 24 | B26: 2 | C26: =VLOOKUP(DataList_EnemyA!G26, Sheet1!$B$4:$C$13, 2, FALSE) +DataList_EnemyA!C25 -> 19.98125 | D26: 10 | G26: DE | H26: =VLOOKUP(G26, Sheet1!$B$4:$C$13, 2, FALSE) + H25 -> 19.98125
A27: 25 | B27: 3 | C27: =VLOOKUP(DataList_EnemyA!G27, Sheet1!$B$4:$C$13, 2, FALSE) +DataList_EnemyA!C26 -> 21.10625 | D27: 5 | F27: a3 | G27: DQ | H27: =VLOOKUP(G27, Sheet1!$B$4:$C$13, 2, FALSE) + H26 -> 21.10625
A28: 26 | B28: 3 | C28: =VLOOKUP(DataList_EnemyA!G28, Sheet1!$B$4:$C$13, 2, FALSE) +DataList_EnemyA!C27 -> 21.48125 | D28: 2 | E28: 1 | G28: E | H28: =VLOOKUP(G28, Sheet1!$B$4:$C$13, 2, FALSE) + H27 -> 21.48125
A29: 27 | B29: 3 | C29: =VLOOKUP(DataList_EnemyA!G29, Sheet1!$B$4:$C$13, 2, FALSE) +DataList_EnemyA!C28 -> 22.23125 | D29: 0 | G29: Q | H29: =VLOOKUP(G29, Sheet1!$B$4:$C$13, 2, FALSE) + H28 -> 22.23125
A30: 28 | B30: 3 | C30: =VLOOKUP(DataList_EnemyA!G30, Sheet1!$B$4:$C$13, 2, FALSE) +DataList_EnemyA!C29 -> 22.79375 | D30: 2 | E30: 1 | G30: DE | H30: =VLOOKUP(G30, Sheet1!$B$4:$C$13, 2, FALSE) + H29 -> 22.79375
A31: 29 | B31: 2 | C31: =VLOOKUP(DataList_EnemyA!G31, Sheet1!$B$4:$C$13, 2, FALSE) +DataList_EnemyA!C30 -> 24.29375 | D31: 9 | F31: a4 | G31: H | H31: =VLOOKUP(G31, Sheet1!$B$4:$C$13, 2, FALSE) + H30 -> 24.29375
A32: 30 | B32: 2 | C32: =VLOOKUP(DataList_EnemyA!G32, Sheet1!$B$4:$C$13, 2, FALSE) +DataList_EnemyA!C31 -> 24.66875 | D32: 10 | G32: E | H32: =VLOOKUP(G32, Sheet1!$B$4:$C$13, 2, FALSE) + H31 -> 24.66875
A33: 31 | B33: 3 | C33: =VLOOKUP(DataList_EnemyA!G33, Sheet1!$B$4:$C$13, 2, FALSE) +DataList_EnemyA!C32 -> 25.04375 | D33: 0 | G33: E | H33: =VLOOKUP(G33, Sheet1!$B$4:$C$13, 2, FALSE) + H32 -> 25.04375
A34: 32 | B34: 3 | C34: =VLOOKUP(DataList_EnemyA!G34, Sheet1!$B$4:$C$13, 2, FALSE) +DataList_EnemyA!C33 -> 25.41875 | D34: 5 | G34: E | H34: =VLOOKUP(G34, Sheet1!$B$4:$C$13, 2, FALSE) + H33 -> 25.41875
A35: 33 | B35: 3 | C35: =VLOOKUP(DataList_EnemyA!G35, Sheet1!$B$4:$C$13, 2, FALSE) +DataList_EnemyA!C34 -> 25.79375 | D35: 7 | G35: E | H35: =VLOOKUP(G35, Sheet1!$B$4:$C$13, 2, FALSE) + H34 -> 25.79375
A36: 34 | B36: 3 | C36: =VLOOKUP(DataList_EnemyA!G36, Sheet1!$B$4:$C$13, 2, FALSE) +DataList_EnemyA!C35 -> 25.98125 | D36: 7 | G36: S | H36: =VLOOKUP(G36, Sheet1!$B$4:$C$13, 2, FALSE) + H35 -> 25.98125
A37: 35 | B37: 3 | C37: =VLOOKUP(DataList_EnemyA!G37, Sheet1!$B$4:$C$13, 2, FALSE) +DataList_EnemyA!C36 -> 26.16875 | D37: 5 | G37: S | H37: =VLOOKUP(G37, Sheet1!$B$4:$C$13, 2, FALSE) + H36 -> 26.16875
A38: 36 | B38: 3 | C38: =VLOOKUP(DataList_EnemyA!G38, Sheet1!$B$4:$C$13, 2, FALSE) +DataList_EnemyA!C37 -> 26.54375 | D38: 2 | G38: E | H38: =VLOOKUP(G38, Sheet1!$B$4:$C$13, 2, FALSE) + H37 -> 26.54375
A39: 37 | B39: 3 | C39: =VLOOKUP(DataList_EnemyA!G39, Sheet1!$B$4:$C$13, 2, FALSE) +DataList_EnemyA!C38 -> 26.91875 | D39: 0 | G39: E | H39: =VLOOKUP(G39, Sheet1!$B$4:$C$13, 2, FALSE) + H38 -> 26.91875
A40: 38 | B40: 3 | C40: =VLOOKUP(DataList_EnemyA!G40, Sheet1!$B$4:$C$13, 2, FALSE) +DataList_EnemyA!C39 -> 27.48125 | D40: 2 | F40: a5 | G40: DE | H40: =VLOOKUP(G40, Sheet1!$B$4:$C$13, 2, FALSE) + H39 -> 27.48125
A41: 39 | B41: 2 | C41: =VLOOKUP(DataList_EnemyA!G41, Sheet1!$B$4:$C$13, 2, FALSE) +DataList_EnemyA!C40 -> 28.04375 | D41: 9 | G41: DE | H41: =VLOOKUP(G41, Sheet1!$B$4:$C$13, 2, FALSE) + H40 -> 28.04375
A42: 40 | B42: 1 | C42: =VLOOKUP(DataList_EnemyA!G42, Sheet1!$B$4:$C$13, 2, FALSE) +DataList_EnemyA!C41 -> 28.41875 | D42: 10 | G42: E | H42: =VLOOKUP(G42, Sheet1!$B$4:$C$13, 2, FALSE) + H41 -> 28.41875
A43: 41 | B43: 3 | C43: =VLOOKUP(DataList_EnemyA!G43, Sheet1!$B$4:$C$13, 2, FALSE) +DataList_EnemyA!C42 -> 28.79375 | D43: 0 | G43: E | H43: =VLOOKUP(G43, Sheet1!$B$4:$C$13, 2, FALSE) + H42 -> 28.79375
A44: 42 | B44: 2 | C44: =VLOOKUP(DataList_EnemyA!G44, Sheet1!$B$4:$C$13, 2, FALSE) +DataList_EnemyA!C43 -> 29.91875 | D44: 10 | G44: DQ | H44: =VLOOKUP(G44, Sheet1!$B$4:$C$13, 2, FALSE) + H43 -> 29.91875
A45: 43 | B45: 3 | C45: =VLOOKUP(DataList_EnemyA!G45, Sheet1!$B$4:$C$13, 2, FALSE) +DataList_EnemyA!C44 -> 30.66875 | D45: 0 | F45: a6 | G45: Q | H45: =VLOOKUP(G45, Sheet1!$B$4:$C$13, 2, FALSE) + H44 -> 30.66875
A46: 44 | B46: 3 | C46: =VLOOKUP(DataList_EnemyA!G46, Sheet1!$B$4:$C$13, 2, FALSE) +DataList_EnemyA!C45 -> 31.04375 | D46: 5 | G46: E | H46: =VLOOKUP(G46, Sheet1!$B$4:$C$13, 2, FALSE) + H45 -> 31.04375
A47: 45 | B47: 3 | C47: =VLOOKUP(DataList_EnemyA!G47, Sheet1!$B$4:$C$13, 2, FALSE) +DataList_EnemyA!C46 -> 31.41875 | D47: 3 | G47: E | H47: =VLOOKUP(G47, Sheet1!$B$4:$C$13, 2, FALSE) + H46 -> 31.41875
A48: 46 | B48: 3 | C48: =VLOOKUP(DataList_EnemyA!G48, Sheet1!$B$4:$C$13, 2, FALSE) +DataList_EnemyA!C47 -> 31.79375 | D48: 2 | G48: E | H48: =VLOOKUP(G48, Sheet1!$B$4:$C$13, 2, FALSE) + H47 -> 31.79375
A49: 47 | B49: 2 | C49: =VLOOKUP(DataList_EnemyA!G49, Sheet1!$B$4:$C$13, 2, FALSE) +DataList_EnemyA!C48 -> 32.16875 | D49: 10 | F49: ae | G49: E | H49: =VLOOKUP(G49, Sheet1!$B$4:$C$13, 2, FALSE) + H48 -> 32.16875
A50: 48 | B50: 3 | C50: =VLOOKUP(DataList_EnemyA!G50, Sheet1!$B$4:$C$13, 2, FALSE) +DataList_EnemyA!C49 -> 33.29375 | D50: 2 | F50: a7 | G50: DQ | H50: =VLOOKUP(G50, Sheet1!$B$4:$C$13, 2, FALSE) + H49 -> 33.29375
A51: 49 | B51: 3 | C51: =VLOOKUP(DataList_EnemyA!G51, Sheet1!$B$4:$C$13, 2, FALSE) +DataList_EnemyA!C50 -> 34.04375 | D51: 5 | G51: Q | H51: =VLOOKUP(G51, Sheet1!$B$4:$C$13, 2, FALSE) + H50 -> 34.04375
A52: 50 | B52: 3 | C52: =VLOOKUP(DataList_EnemyA!G52, Sheet1!$B$4:$C$13, 2, FALSE) +DataList_EnemyA!C51 -> 35.16875 | D52: 6 | E52: 1 | G52: DQ | H52: =VLOOKUP(G52, Sheet1!$B$4:$C$13, 2, FALSE) + H51 -> 35.16875
A53: 51 | B53: 3 | C53: =VLOOKUP(DataList_EnemyA!G53, Sheet1!$B$4:$C$13, 2, FALSE) +DataList_EnemyA!C52 -> 35.35625 | D53: 5 | G53: S | H53: =VLOOKUP(G53, Sheet1!$B$4:$C$13, 2, FALSE) + H52 -> 35.35625
A54: 52 | B54: 3 | C54: =VLOOKUP(DataList_EnemyA!G54, Sheet1!$B$4:$C$13, 2, FALSE) +DataList_EnemyA!C53 -> 35.54375 | D54: 3 | G54: S | H54: =VLOOKUP(G54, Sheet1!$B$4:$C$13, 2, FALSE) + H53 -> 35.54375
A55: 53 | B55: 3 | C55: =VLOOKUP(DataList_EnemyA!G55, Sheet1!$B$4:$C$13, 2, FALSE) +DataList_EnemyA!C54 -> 35.73125 | D55: 1 | G55: S | H55: =VLOOKUP(G55, Sheet1!$B$4:$C$13, 2, FALSE) + H54 -> 35.73125
A56: 54 | B56: 2 | C56: =VLOOKUP(DataList_EnemyA!G56, Sheet1!$B$4:$C$13, 2, FALSE) +DataList_EnemyA!C55 -> 35.91875 | D56: 9 | G56: S | H56: =VLOOKUP(G56, Sheet1!$B$4:$C$13, 2, FALSE) + H55 -> 35.91875
A57: 55 | B57: 2 | C57: =VLOOKUP(DataList_EnemyA!G57, Sheet1!$B$4:$C$13, 2, FALSE) +DataList_EnemyA!C56 -> 36.10625 | D57: 8 | G57: S | H57: =VLOOKUP(G57, Sheet1!$B$4:$C$13, 2, FALSE) + H56 -> 36.10625
A58: 56 | B58: 2 | C58: =VLOOKUP(DataList_EnemyA!G58, Sheet1!$B$4:$C$13, 2, FALSE) +DataList_EnemyA!C57 -> 36.29375 | D58: 6 | G58: S | H58: =VLOOKUP(G58, Sheet1!$B$4:$C$13, 2, FALSE) + H57 -> 36.29375
A59: 57 | B59: 0 | C59: =VLOOKUP(DataList_EnemyA!G59, Sheet1!$B$4:$C$13, 2, FALSE) +DataList_EnemyA!C58 -> 36.48125 | D59: 5 | G59: S | H59: =VLOOKUP(G59, Sheet1!$B$4:$C$13, 2, FALSE) + H58 -> 36.48125
A60: 58 | B60: 1 | C60: =VLOOKUP(DataList_EnemyA!G60, Sheet1!$B$4:$C$13, 2, FALSE) +DataList_EnemyA!C59 -> 37.23125 | D60: 2 | G60: Q | H60: =VLOOKUP(G60, Sheet1!$B$4:$C$13, 2, FALSE) + H59 -> 37.23125
A61: 59 | B61: 1 | C61: =VLOOKUP(DataList_EnemyA!G61, Sheet1!$B$4:$C$13, 2, FALSE) +DataList_EnemyA!C60 -> 37.60625 | D61: 5 | F61: ae | G61: E | H61: =VLOOKUP(G61, Sheet1!$B$4:$C$13, 2, FALSE) + H60 -> 37.60625
A62: 60 | B62: 1 | C62: =VLOOKUP(DataList_EnemyA!G62, Sheet1!$B$4:$C$13, 2, FALSE) +DataList_EnemyA!C61 -> 39.10625 | D62: 5 | F62: a8 | G62: H | H62: =VLOOKUP(G62, Sheet1!$B$4:$C$13, 2, FALSE) + H61 -> 39.10625
B63: 1 | C63: =VLOOKUP(DataList_EnemyA!G63, Sheet1!$B$4:$C$13, 2, FALSE) +DataList_EnemyA!C62 -> 40.60625 | D63: 6 | G63: H | H63: =VLOOKUP(G63, Sheet1!$B$4:$C$13, 2, FALSE) + H62 -> 40.60625
B64: 1 | C64: =VLOOKUP(DataList_EnemyA!G64, Sheet1!$B$4:$C$13, 2, FALSE) +DataList_EnemyA!C63 -> 41.73125 | D64: 9 | G64: DQ | H64: =VLOOKUP(G64, Sheet1!$B$4:$C$13, 2, FALSE) + H63 -> 41.73125
B65: 1 | C65: =VLOOKUP(DataList_EnemyA!G65, Sheet1!$B$4:$C$13, 2, FALSE) +DataList_EnemyA!C64 -> 41.91875 | D65: 10 | G65: S | H65: =VLOOKUP(G65, Sheet1!$B$4:$C$13, 2, FALSE) + H64 -> 41.91875
B66: 3 | C66: =VLOOKUP(DataList_EnemyA!G66, Sheet1!$B$4:$C$13, 2, FALSE) +DataList_EnemyA!C65 -> 42.29375 | D66: 0 | G66: E | H66: =VLOOKUP(G66, Sheet1!$B$4:$C$13, 2, FALSE) + H65 -> 42.29375
B67: 1 | C67: =VLOOKUP(DataList_EnemyA!G67, Sheet1!$B$4:$C$13, 2, FALSE) +DataList_EnemyA!C66 -> 43.41875 | D67: 10 | G67: DQ | H67: =VLOOKUP(G67, Sheet1!$B$4:$C$13, 2, FALSE) + H66 -> 43.41875
B68: 3 | C68: =VLOOKUP(DataList_EnemyA!G68, Sheet1!$B$4:$C$13, 2, FALSE) +DataList_EnemyA!C67 -> 43.79375 | D68: 0 | E68: 1 | G68: E | H68: =VLOOKUP(G68, Sheet1!$B$4:$C$13, 2, FALSE) + H67 -> 43.79375
B69: 2 | C69: =VLOOKUP(DataList_EnemyA!G69, Sheet1!$B$4:$C$13, 2, FALSE) +DataList_EnemyA!C68 -> 45.29375 | D69: 5 | F69: a9 | G69: H | H69: =VLOOKUP(G69, Sheet1!$B$4:$C$13, 2, FALSE) + H68 -> 45.29375
B70: 2 | C70: =VLOOKUP(DataList_EnemyA!G70, Sheet1!$B$4:$C$13, 2, FALSE) +DataList_EnemyA!C69 -> 46.04375 | D70: 9 | G70: Q | H70: =VLOOKUP(G70, Sheet1!$B$4:$C$13, 2, FALSE) + H69 -> 46.04375
B71: 2 | C71: =VLOOKUP(DataList_EnemyA!G71, Sheet1!$B$4:$C$13, 2, FALSE) +DataList_EnemyA!C70 -> 46.41875 | D71: 10 | G71: E | H71: =VLOOKUP(G71, Sheet1!$B$4:$C$13, 2, FALSE) + H70 -> 46.41875
B72: 3 | C72: =VLOOKUP(DataList_EnemyA!G72, Sheet1!$B$4:$C$13, 2, FALSE) +DataList_EnemyA!C71 -> 46.7 | D72: 0 | G72: DS | H72: =VLOOKUP(G72, Sheet1!$B$4:$C$13, 2, FALSE) + H71 -> 46.7
B73: 3 | C73: =VLOOKUP(DataList_EnemyA!G73, Sheet1!$B$4:$C$13, 2, FALSE) +DataList_EnemyA!C72 -> 47.825 | D73: 0 | G73: DQ | H73: =VLOOKUP(G73, Sheet1!$B$4:$C$13, 2, FALSE) + H72 -> 47.825
B74: 3 | C74: =VLOOKUP(DataList_EnemyA!G74, Sheet1!$B$4:$C$13, 2, FALSE) +DataList_EnemyA!C73 -> 48.10625 | D74: 2 | G74: DS | H74: =VLOOKUP(G74, Sheet1!$B$4:$C$13, 2, FALSE) + H73 -> 48.10625
B75: 3 | C75: =VLOOKUP(DataList_EnemyA!G75, Sheet1!$B$4:$C$13, 2, FALSE) +DataList_EnemyA!C74 -> 48.3875 | D75: 3 | G75: DS | H75: =VLOOKUP(G75, Sheet1!$B$4:$C$13, 2, FALSE) + H74 -> 48.3875
B76: 3 | C76: =VLOOKUP(DataList_EnemyA!G76, Sheet1!$B$4:$C$13, 2, FALSE) +DataList_EnemyA!C75 -> 48.95 | D76: 2 | G76: DE | H76: =VLOOKUP(G76, Sheet1!$B$4:$C$13, 2, FALSE) + H75 -> 48.95
B77: 1 | C77: =VLOOKUP(DataList_EnemyA!G77, Sheet1!$B$4:$C$13, 2, FALSE) +DataList_EnemyA!C76 -> 49.7 | D77: 10 | G77: Q | H77: =VLOOKUP(G77, Sheet1!$B$4:$C$13, 2, FALSE) + H76 -> 49.7
B78: 2 | C78: =VLOOKUP(DataList_EnemyA!G78, Sheet1!$B$4:$C$13, 2, FALSE) +DataList_EnemyA!C77 -> 50.45 | D78: 5 | E78: 1 | G78: Q | H78: =VLOOKUP(G78, Sheet1!$B$4:$C$13, 2, FALSE) + H77 -> 50.45
B79: 3 | C79: =VLOOKUP(DataList_EnemyA!G79, Sheet1!$B$4:$C$13, 2, FALSE) +DataList_EnemyA!C78 -> 51.2 | D79: 2 | F79: a10 | G79: Q | H79: =VLOOKUP(G79, Sheet1!$B$4:$C$13, 2, FALSE) + H78 -> 51.2
B80: 3 | C80: =VLOOKUP(DataList_EnemyA!G80, Sheet1!$B$4:$C$13, 2, FALSE) +DataList_EnemyA!C79 -> 52.7 | D80: 0 | G80: H | H80: =VLOOKUP(G80, Sheet1!$B$4:$C$13, 2, FALSE) + H79 -> 52.7
B81: 3 | C81: =VLOOKUP(DataList_EnemyA!G81, Sheet1!$B$4:$C$13, 2, FALSE) +DataList_EnemyA!C80 -> 54.2 | D81: 0 | G81: H | H81: =VLOOKUP(G81, Sheet1!$B$4:$C$13, 2, FALSE) + H80 -> 54.2
B82: 3 | C82: =VLOOKUP(DataList_EnemyA!G82, Sheet1!$B$4:$C$13, 2, FALSE) +DataList_EnemyA!C81 -> 54.575 | D82: 2 | G82: E | H82: =VLOOKUP(G82, Sheet1!$B$4:$C$13, 2, FALSE) + H81 -> 54.575
B83: 3 | C83: =VLOOKUP(DataList_EnemyA!G83, Sheet1!$B$4:$C$13, 2, FALSE) +DataList_EnemyA!C82 -> 54.95 | D83: 5 | G83: E | H83: =VLOOKUP(G83, Sheet1!$B$4:$C$13, 2, FALSE) + H82 -> 54.95
B84: 3 | C84: =VLOOKUP(DataList_EnemyA!G84, Sheet1!$B$4:$C$13, 2, FALSE) +DataList_EnemyA!C83 -> 55.325 | D84: 2 | G84: E | H84: =VLOOKUP(G84, Sheet1!$B$4:$C$13, 2, FALSE) + H83 -> 55.325
B85: 2 | C85: =VLOOKUP(DataList_EnemyA!G85, Sheet1!$B$4:$C$13, 2, FALSE) +DataList_EnemyA!C84 -> 55.8875 | D85: 10 | G85: DE | H85: =VLOOKUP(G85, Sheet1!$B$4:$C$13, 2, FALSE) + H84 -> 55.8875
B86: 3 | C86: =VLOOKUP(DataList_EnemyA!G86, Sheet1!$B$4:$C$13, 2, FALSE) +DataList_EnemyA!C85 -> 57.0125 | D86: 5 | F86: a11 | G86: DQ | H86: =VLOOKUP(G86, Sheet1!$B$4:$C$13, 2, FALSE) + H85 -> 57.0125
B87: 3 | C87: =VLOOKUP(DataList_EnemyA!G87, Sheet1!$B$4:$C$13, 2, FALSE) +DataList_EnemyA!C86 -> 57.3875 | D87: 2 | G87: E | H87: =VLOOKUP(G87, Sheet1!$B$4:$C$13, 2, FALSE) + H86 -> 57.3875
B88: 3 | C88: =VLOOKUP(DataList_EnemyA!G88, Sheet1!$B$4:$C$13, 2, FALSE) +DataList_EnemyA!C87 -> 58.1375 | D88: 0 | G88: Q | H88: =VLOOKUP(G88, Sheet1!$B$4:$C$13, 2, FALSE) + H87 -> 58.1375
B89: 3 | C89: =VLOOKUP(DataList_EnemyA!G89, Sheet1!$B$4:$C$13, 2, FALSE) +DataList_EnemyA!C88 -> 58.7 | D89: 2 | G89: DE | H89: =VLOOKUP(G89, Sheet1!$B$4:$C$13, 2, FALSE) + H88 -> 58.7
B90: 2 | C90: =VLOOKUP(DataList_EnemyA!G90, Sheet1!$B$4:$C$13, 2, FALSE) +DataList_EnemyA!C89 -> 60.2 | D90: 9 | F90: a12 | G90: H | H90: =VLOOKUP(G90, Sheet1!$B$4:$C$13, 2, FALSE) + H89 -> 60.2
B91: 2 | C91: =VLOOKUP(DataList_EnemyA!G91, Sheet1!$B$4:$C$13, 2, FALSE) +DataList_EnemyA!C90 -> 60.575 | D91: 10 | G91: E | H91: =VLOOKUP(G91, Sheet1!$B$4:$C$13, 2, FALSE) + H90 -> 60.575
B92: 3 | C92: =VLOOKUP(DataList_EnemyA!G92, Sheet1!$B$4:$C$13, 2, FALSE) +DataList_EnemyA!C91 -> 60.95 | D92: 0 | G92: E | H92: =VLOOKUP(G92, Sheet1!$B$4:$C$13, 2, FALSE) + H91 -> 60.95
B93: 3 | C93: =VLOOKUP(DataList_EnemyA!G93, Sheet1!$B$4:$C$13, 2, FALSE) +DataList_EnemyA!C92 -> 61.325 | D93: 5 | G93: E | H93: =VLOOKUP(G93, Sheet1!$B$4:$C$13, 2, FALSE) + H92 -> 61.325
B94: 3 | C94: =VLOOKUP(DataList_EnemyA!G94, Sheet1!$B$4:$C$13, 2, FALSE) +DataList_EnemyA!C93 -> 61.7 | D94: 7 | G94: E | H94: =VLOOKUP(G94, Sheet1!$B$4:$C$13, 2, FALSE) + H93 -> 61.7
B95: 3 | C95: =VLOOKUP(DataList_EnemyA!G95, Sheet1!$B$4:$C$13, 2, FALSE) +DataList_EnemyA!C94 -> 61.8875 | D95: 7 | G95: S | H95: =VLOOKUP(G95, Sheet1!$B$4:$C$13, 2, FALSE) + H94 -> 61.8875
B96: 3 | C96: =VLOOKUP(DataList_EnemyA!G96, Sheet1!$B$4:$C$13, 2, FALSE) +DataList_EnemyA!C95 -> 62.075 | D96: 5 | G96: S | H96: =VLOOKUP(G96, Sheet1!$B$4:$C$13, 2, FALSE) + H95 -> 62.075
B97: 3 | C97: =VLOOKUP(DataList_EnemyA!G97, Sheet1!$B$4:$C$13, 2, FALSE) +DataList_EnemyA!C96 -> 62.45 | D97: 2 | G97: E | H97: =VLOOKUP(G97, Sheet1!$B$4:$C$13, 2, FALSE) + H96 -> 62.45
B98: 3 | C98: =VLOOKUP(DataList_EnemyA!G98, Sheet1!$B$4:$C$13, 2, FALSE) +DataList_EnemyA!C97 -> 62.825 | D98: 0 | G98: E | H98: =VLOOKUP(G98, Sheet1!$B$4:$C$13, 2, FALSE) + H97 -> 62.825
B99: 3 | C99: =VLOOKUP(DataList_EnemyA!G99, Sheet1!$B$4:$C$13, 2, FALSE) +DataList_EnemyA!C98 -> 63.3875 | D99: 2 | F99: a13 | G99: DE | H99: =VLOOKUP(G99, Sheet1!$B$4:$C$13, 2, FALSE) + H98 -> 63.3875
B100: 2 | C100: =VLOOKUP(DataList_EnemyA!G100, Sheet1!$B$4:$C$13, 2, FALSE) +DataList_EnemyA!C99 -> 63.95 | D100: 9 | G100: DE | H100: =VLOOKUP(G100, Sheet1!$B$4:$C$13, 2, FALSE) + H99 -> 63.95
...

Sheet Sheet1
A2: BMP | C2: 80
A4: 全音符(W) | B4: W | C4: =C7*4 -> 3
A6: ２分音符（H） | B6: H | C6: =C7*2 -> 1.5
A7: ４分音符（Q） | B7: Q | C7: =SUM(60/C2) -> 0.75
A8: ８分音符（E） | B8: E | C8: =C7*0.5 -> 0.375
A9: １６分音符（S) | B9: S | C9: =C7*0.25 -> 0.1875
A10: フ点２分音符（DH） | B10: DH | C10: =SUM(C7*3) -> 2.25
A11: フ点４分音符（DQ） | B11: DQ | C11: =C7*1.5 -> 1.125
A12: フ点８分音符（DE） | B12: DE | C12: =C7*0.75 -> 0.5625
A13: フ点１６分音符（DS） | B13: DS | C13: =C7*0.375 -> 0.28125
A15: C | C15: 0
A16: Cs | C16: 1
A17: D | C17: 2
A18: Ds | C18: 3
A19: E | C19: 4
A20: F | C20: 5
A21: Fs | C21: 6
A22: G | C22: 7
A23: Gs | C23: 8
A24: A | C24: 9
A25: As | C25: 10
A26: B | C26: 11

Sheet enemya_list
A1: 1 | B1: 3.7 | C1: 5
A2: 1 | B2: =B1+H -> 5.2 | C2: 6
A3: 1 | B3: =B2+Q -> 5.95 | C3: 9
A4: 1 | B4: =B3+S -> 6.1375 | C4: 10
A5: 3 | B5: =B4+S -> 6.325 | C5: 0
A6: 1 | B6: =B5+DQ -> 7.45 | C6: 10
A7: 3 | B7: =B6+E -> 7.825 | C7: 0
A8: 2 | B8: =B7+H -> 9.325 | C8: 5
A9: 2 | B9: =B8+Q -> 10.075 | C9: 9
A10: 2 | B10: =B9+E -> 10.45 | C10: 10
A11: 3 | B11: =B10+E -> 10.825 | C11: 0
A12: 3 | B12: =B11+DQ -> 11.95 | C12: 0
A13: 3 | B13: =B12+DS -> 12.23125 | C13: 2
A14: 3 | B14: =B13+DS -> 12.5125 | C14: 3
A15: 3 | B15: =B14+DE -> 13.075 | C15: 2
A16: 1 | B16: =B15+Q -> 13.825 | C16: 10
A17: 2 | B17: =B16+Q -> 14.575 | C17: 5
A18: 3 | B18: =B17+Q -> 15.325 | C18: 2
A19: 3 | B19: =B18+H -> 16.825 | C19: 1
A20: 3 | B20: =B19+H -> 18.325 | C20: 1
A21: 3 | B21: =B20+E -> 18.7 | C21: 2
A22: 3 | B22: =B21+E -> 19.075 | C22: 5
A23: 3 | B23: =B22+E -> 19.45 | C23: 2
A24: 2 | B24: =B23+DE -> 20.0125 | C24: 10
A25: 3 | B25: =B24+DQ -> 21.1375 | C25: 5
A26: 3 | B26: =B25+E -> 21.5125 | C26: 2
A27: 3 | B27: =B26+DQ -> 22.6375 | C27: 0
A28: 3 | B28: =B27+E -> 23.0125 | C28: 2
A29: 2 | B29: =B28+H -> 24.5125 | C29: 9
A30: 2 | B30: =B29+E -> 24.8875 | C30: 10
A31: 3 | B31: =B30+E -> 25.2625 | C31: 0
A32: 3 | B32: =B31+E -> 25.6375 | C32: 5
A33: 3 | B33: =B32+E -> 26.0125 | C33: 7
A34: 3 | B34: =B33+S -> 26.2 | C34: 7
A35: 3 | B35: =B34+S -> 26.3875 | C35: 5
A36: 3 | B36: =B35+E -> 26.7625 | C36: 2
A37: 3 | B37: =B36+E -> 27.1375 | C37: 0
A38: 3 | B38: =B37+DE -> 27.7 | C38: 2
A39: 2 | B39: =B38+DE -> 28.2625 | C39: 9
A40: 1 | B40: =B39+E -> 28.6375 | C40: 10
A41: 3 | B41: =B40+E -> 29.0125 | C41: 0
A42: 2 | B42: =B41+DQ -> 30.1375 | C42: 10
A43: 3 | B43: =B42+Q -> 30.8875 | C43: 0
A44: 3 | B44: =B43+E -> 31.2625 | C44: 5
A45: 3 | B45: =B44+E -> 31.6375 | C45: 3
A46: 3 | B46: =B45+E -> 32.0125 | C46: 2
A47: 2 | B47: =B46+E -> 32.3875 | C47: 10
A48: 3 | B48: =B47+DQ -> 33.5125 | C48: 2
A49: 3 | B49: =B48+Q -> 34.2625 | C49: 5
A50: 3 | B50: =B49+DQ -> 35.3875 | C50: 6
A51: 3 | B51: =B50+S -> 35.575 | C51: 5
A52: 3 | B52: =B51+S -> 35.7625 | C52: 3
A53: 3 | B53: =B52+S -> 35.95 | C53: 1
A54: 2 | B54: =B53+S -> 36.1375 | C54: 9
A55: 2 | B55: =B54+S -> 36.325 | C55: 8
A56: 2 | B56: =B55+S -> 36.5125 | C56: 6
A57: 0 | B57: =B56+S -> 36.7 | C57: 5
A58: 1 | B58: =B57+Q -> 37.45 | C58: 2
A59: 1 | B59: =B58+E -> 37.825 | C59: 5
A60: 1 | B60: =B59+H -> 39.325 | C60: 5
A61: 1 | B61: =B60+H -> 40.825 | C61: 6
A62: 1 | B62: =B61+DQ -> 41.95 | C62: 9
A63: 1 | B63: =B62+S -> 42.1375 | C63: 10
A64: 3 | B64: =B63+S -> 42.325 | C64: 0
A65: 1 | B65: =B64+DQ -> 43.45 | C65: 10
A66: 3 | B66: =B65+E -> 43.825 | C66: 0
A67: 2 | B67: =B66+H -> 45.325 | C67: 5
A68: 2 | B68: =B67+Q -> 46.075 | C68: 9
A69: 2 | B69: =B68+E -> 46.45 | C69: 10
A70: 3 | B70: =B69+E -> 46.825 | C70: 0
A71: 3 | B71: =B70+DQ -> 47.95 | C71: 0
A72: 3 | B72: =B71+DS -> 48.23125 | C72: 2
A73: 3 | B73: =B72+DS -> 48.5125 | C73: 3
A74: 3 | B74: =B73+DE -> 49.075 | C74: 2
A75: 1 | B75: =B74+Q -> 49.825 | C75: 10
A76: 2 | B76: =B75+Q -> 50.575 | C76: 5
A77: 3 | B77: =B76+Q -> 51.325 | C77: 2
A78: 3 | B78: =B77+H -> 52.825 | C78: 0
A79: 3 | B79: =B78+H -> 54.325 | C79: 0
A80: 3 | B80: =B79+E -> 54.7 | C80: 2
A81: 3 | B81: =B80+E -> 55.075 | C81: 5
A82: 3 | B82: =B81+E -> 55.45 | C82: 2
A83: 2 | B83: =B82+DE -> 56.0125 | C83: 10
A84: 3 | B84: =B83+DQ -> 57.1375 | C84: 5
A85: 3 | B85: =B84+E -> 57.5125 | C85: 2
A86: 3 | B86: =B85+DQ -> 58.6375 | C86: 0
A87: 3 | B87: =B86+E -> 59.0125 | C87: 2
A88: 2 | B88: =B87+H -> 60.5125 | C88: 9
A89: 2 | B89: =B88+E -> 60.8875 | C89: 10
A90: 3 | B90: =B89+E -> 61.2625 | C90: 0
A91: 3 | B91: =B90+E -> 61.6375 | C91: 5
A92: 3 | B92: =B91+E -> 62.0125 | C92: 7
A93: 3 | B93: =B92+S -> 62.2 | C93: 7
A94: 3 | B94: =B93+S -> 62.3875 | C94: 5
A95: 3 | B95: =B94+E -> 62.7625 | C95: 2
A96: 3 | B96: =B95+E -> 63.1375 | C96: 0
A97: 3 | B97: =B96+DE -> 63.7 | C97: 2
A98: 2 | B98: =B97+DE -> 64.2625 | C98: 9
A99: 1 | B99: =B98+E -> 64.6375 | C99: 10
A100: 3 | B100: =B99+E -> 65.0125 | C100: 0
...
