Workbook
Name DE: Sheet1!$C$12
Name DH: Sheet1!$C$10
Name DQ: Sheet1!$C$11
Name DS: Sheet1!$C$13
Name E: Sheet1!$C$8
Name H: Sheet1!$C$6
Name Q: Sheet1!$C$7
Name S: Sheet1!$C$9
Name W: Sheet1!$C$4

Sheet Macro1

Sheet DataList_EnemyA
A1: DataList
A2: No | B2: 音符の種類 | C2: 拍 | D2: 音階 | E2: 改行 | G2: 足すもの | H2: 休符
A3: 1 | B3: 1 | C3: 1 | D3: 1
A4: 2 | B4: 1 | C4: =VLOOKUP(DataList_EnemyA!G4, Sheet1!$B$4:$C$13, 2, FALSE) +DataList_EnemyA!C3 -> 1.3797468 | D4: 1 | G4: Q
A5: 3 | B5: 1 | C5: =VLOOKUP(DataList_EnemyA!G5, Sheet1!$B$4:$C$13, 2, FALSE) +DataList_EnemyA!C4 -> 1.7594937 | D5: 3 | G5: Q | H5: E
A6: 4 | B6: 1 | C6: =VLOOKUP(DataList_EnemyA!G6, Sheet1!$B$4:$C$13, 2, FALSE) +DataList_EnemyA!C5 -> 2.1392405 | D6: 1 | G6: Q
A7: 5 | B7: 1 | C7: =VLOOKUP(DataList_EnemyA!G7, Sheet1!$B$4:$C$13, 2, FALSE) +DataList_EnemyA!C6 -> 2.3291139 | D7: 0 | G7: E
A8: 6 | B8: 1 | C8: =VLOOKUP(DataList_EnemyA!G8, Sheet1!$B$4:$C$13, 2, FALSE) +DataList_EnemyA!C7 -> 2.5189873 | D8: 1 | G8: E
A9: 7 | B9: 1 | C9: =VLOOKUP(DataList_EnemyA!G9, Sheet1!$B$4:$C$13, 2, FALSE) +DataList_EnemyA!C8 -> 2.7088608 | D9: 3 | G9: E
A10: 8 | B10: 2 | C10: =VLOOKUP(DataList_EnemyA!G10, Sheet1!$B$4:$C$13, 2, FALSE) +DataList_EnemyA!C9 -> 3.0886076 | D10: 1 | F10: a1e | G10: Q
A11: 9 | B11: 2 | C11: =VLOOKUP(DataList_EnemyA!G11, Sheet1!$B$4:$C$13, 2, FALSE) +DataList_EnemyA!C10 -> 3.8481013 | D11: 1 | F11: a2 | G11: H
A12: 10 | B12: 2 | C12: =VLOOKUP(DataList_EnemyA!G12, Sheet1!$B$4:$C$13, 2, FALSE) +DataList_EnemyA!C11 -> 4.2278481 | D12: 1 | G12: Q
A13: 11 | B13: 2 | C13: =VLOOKUP(DataList_EnemyA!G13, Sheet1!$B$4:$C$13, 2, FALSE) +DataList_EnemyA!C12 -> 4.6075949 | D13: 3 | G13: Q
A14: 12 | B14: 2 | C14: =VLOOKUP(DataList_EnemyA!G14, Sheet1!$B$4:$C$13, 2, FALSE) +DataList_EnemyA!C13 -> 4.9873418 | D14: 1 | G14: Q
A15: 13 | B15: 2 | C15: =VLOOKUP(DataList_EnemyA!G15, Sheet1!$B$4:$C$13, 2, FALSE) +DataList_EnemyA!C14 -> 5.3670886 | D15: 0 | G15: Q
A16: 14 | B16: 2 | C16: =VLOOKUP(DataList_EnemyA!G16, Sheet1!$B$4:$C$13, 2, FALSE) +DataList_EnemyA!C15 -> 5.556962 | D16: 1 | F16: a3 | G16: E
A17: 15 | B17: 2 | C17: =VLOOKUP(DataList_EnemyA!G17, Sheet1!$B$4:$C$13, 2, FALSE) +DataList_EnemyA!C16 -> 5.7468354 | D17: 3 | G17: E
A18: 16 | B18: 2 | C18: =VLOOKUP(DataList_EnemyA!G18, Sheet1!$B$4:$C$13, 2, FALSE) +DataList_EnemyA!C17 -> 5.9367089 | D18: 5 | G18: E
A19: 17 | B19: 2 | C19: =VLOOKUP(DataList_EnemyA!G19, Sheet1!$B$4:$C$13, 2, FALSE) +DataList_EnemyA!C18 -> 6.1265823 | D19: 6 | G19: E
A20: 18 | B20: 2 | C20: =VLOOKUP(DataList_EnemyA!G20, Sheet1!$B$4:$C$13, 2, FALSE) +DataList_EnemyA!C19 -> 6.3164557 | D20: 5 | G20: E
A21: 19 | B21: 1 | C21: =VLOOKUP(DataList_EnemyA!G21, Sheet1!$B$4:$C$13, 2, FALSE) +DataList_EnemyA!C20 -> 6.5063291 | D21: 3 | G21: E
A22: 20 | B22: 2 | C22: =VLOOKUP(DataList_EnemyA!G22, Sheet1!$B$4:$C$13, 2, FALSE) +DataList_EnemyA!C21 -> 6.6962025 | D22: 1 | F22: a3 | G22: E
A23: 21 | B23: 1 | C23: =VLOOKUP(DataList_EnemyA!G23, Sheet1!$B$4:$C$13, 2, FALSE) +DataList_EnemyA!C22 -> 7.0759494 | D23: 1 | G23: Q
A24: 22 | B24: 2 | C24: =VLOOKUP(DataList_EnemyA!G24, Sheet1!$B$4:$C$13, 2, FALSE) +DataList_EnemyA!C23 -> 7.4556962 | D24: 3 | G24: Q
A25: 23 | B25: 1 | C25: =VLOOKUP(DataList_EnemyA!G25, Sheet1!$B$4:$C$13, 2, FALSE) +DataList_EnemyA!C24 -> 7.6455696 | D25: 1 | G25: E
A26: 24 | B26: 2 | C26: =C25 + VLOOKUP(G26, Sheet1!$B$4:$C$13, 2, FALSE) + IF(H26="", 0, VLOOKUP(H26, Sheet1!$B$4:$C$13, 2, FALSE)) -> 8.0253165 | D26: 0 | G26: E | H26: E
A27: 25 | B27: 1 | C27: =C26 + VLOOKUP(G27, Sheet1!$B$4:$C$13, 2, FALSE) + IF(H27="", 0, VLOOKUP(H27, Sheet1!$B$4:$C$13, 2, FALSE)) -> 8.5949367 | D27: 1 | G27: Q | H27: E
A28: 26 | B28: 2 | C28: =C27 + VLOOKUP(G28, Sheet1!$B$4:$C$13, 2, FALSE) + IF(H28="", 0, VLOOKUP(H28, Sheet1!$B$4:$C$13, 2, FALSE)) -> 8.9746835 | D28: 3 | F28: a3e | G28: Q
A29: 27 | B29: 2 | C29: =C28 + VLOOKUP(G29, Sheet1!$B$4:$C$13, 2, FALSE) + IF(H29="", 0, VLOOKUP(H29, Sheet1!$B$4:$C$13, 2, FALSE)) -> 9.3544304 | D29: 3 | G29: Q
A30: 28 | B30: 1 | C30: =C29 + VLOOKUP(G30, Sheet1!$B$4:$C$13, 2, FALSE) + IF(H30="", 0, VLOOKUP(H30, Sheet1!$B$4:$C$13, 2, FALSE)) -> 10.113924 | D30: 1 | F30: 歌はじめ | G30: H
A31: 29 | B31: 1 | C31: =C30 + VLOOKUP(G31, Sheet1!$B$4:$C$13, 2, FALSE) + IF(H31="", 0, VLOOKUP(H31, Sheet1!$B$4:$C$13, 2, FALSE)) -> 10.683544 | D31: 1 | G31: DQ
A32: 30 | B32: 1 | C32: =C31 + VLOOKUP(G32, Sheet1!$B$4:$C$13, 2, FALSE) + IF(H32="", 0, VLOOKUP(H32, Sheet1!$B$4:$C$13, 2, FALSE)) -> 10.873418 | D32: 1 | G32: E
A33: 31 | B33: 1 | C33: =C32 + VLOOKUP(G33, Sheet1!$B$4:$C$13, 2, FALSE) + IF(H33="", 0, VLOOKUP(H33, Sheet1!$B$4:$C$13, 2, FALSE)) -> 11.443038 | D33: 1 | G33: DQ
A34: 32 | B34: 1 | C34: =C33 + VLOOKUP(G34, Sheet1!$B$4:$C$13, 2, FALSE) + IF(H34="", 0, VLOOKUP(H34, Sheet1!$B$4:$C$13, 2, FALSE)) -> 11.632911 | D34: 1 | G34: E
A35: 33 | B35: 2 | C35: =C34 + VLOOKUP(G35, Sheet1!$B$4:$C$13, 2, FALSE) + IF(H35="", 0, VLOOKUP(H35, Sheet1!$B$4:$C$13, 2, FALSE)) -> 11.822785 | D35: 3 | G35: E
A36: 34 | B36: 2 | C36: =C35 + VLOOKUP(G36, Sheet1!$B$4:$C$13, 2, FALSE) + IF(H36="", 0, VLOOKUP(H36, Sheet1!$B$4:$C$13, 2, FALSE)) -> 12.012658 | D36: 5 | G36: E
A37: 35 | B37: 2 | C37: =C36 + VLOOKUP(G37, Sheet1!$B$4:$C$13, 2, FALSE) + IF(H37="", 0, VLOOKUP(H37, Sheet1!$B$4:$C$13, 2, FALSE)) -> 12.202532 | D37: 7 | G37: E
A38: 36 | B38: 2 | C38: =C37 + VLOOKUP(G38, Sheet1!$B$4:$C$13, 2, FALSE) + IF(H38="", 0, VLOOKUP(H38, Sheet1!$B$4:$C$13, 2, FALSE)) -> 12.392405 | D38: 5 | G38: E
A39: 37 | B39: 2 | C39: =C38 + VLOOKUP(G39, Sheet1!$B$4:$C$13, 2, FALSE) + IF(H39="", 0, VLOOKUP(H39, Sheet1!$B$4:$C$13, 2, FALSE)) -> 12.962025 | D39: 1 | F39: あ４ | G39: DQ
A40: 38 | B40: 1 | C40: =C39 + VLOOKUP(G40, Sheet1!$B$4:$C$13, 2, FALSE) + IF(H40="", 0, VLOOKUP(H40, Sheet1!$B$4:$C$13, 2, FALSE)) -> 13.151899 | D40: 3 | G40: E
A41: 39 | B41: 2 | C41: =C40 + VLOOKUP(G41, Sheet1!$B$4:$C$13, 2, FALSE) + IF(H41="", 0, VLOOKUP(H41, Sheet1!$B$4:$C$13, 2, FALSE)) -> 13.341772 | D41: 5 | G41: E
A42: 40 | B42: 1 | C42: =C41 + VLOOKUP(G42, Sheet1!$B$4:$C$13, 2, FALSE) + IF(H42="", 0, VLOOKUP(H42, Sheet1!$B$4:$C$13, 2, FALSE)) -> 13.531646 | D42: 6 | G42: E
A43: 41 | B43: 2 | C43: =C42 + VLOOKUP(G43, Sheet1!$B$4:$C$13, 2, FALSE) + IF(H43="", 0, VLOOKUP(H43, Sheet1!$B$4:$C$13, 2, FALSE)) -> 13.911392 | D43: 5 | G43: Q
A44: 42 | B44: 1 | C44: =C43 + VLOOKUP(G44, Sheet1!$B$4:$C$13, 2, FALSE) + IF(H44="", 0, VLOOKUP(H44, Sheet1!$B$4:$C$13, 2, FALSE)) -> 14.101266 | D44: 0 | G44: E
A45: 43 | B45: 2 | C45: =C44 + VLOOKUP(G45, Sheet1!$B$4:$C$13, 2, FALSE) + IF(H45="", 0, VLOOKUP(H45, Sheet1!$B$4:$C$13, 2, FALSE)) -> 14.481013 | D45: 3 | G45: Q
A46: 44 | B46: 1 | C46: =C45 + VLOOKUP(G46, Sheet1!$B$4:$C$13, 2, FALSE) + IF(H46="", 0, VLOOKUP(H46, Sheet1!$B$4:$C$13, 2, FALSE)) -> 14.670886 | D46: 5 | G46: E
A47: 45 | B47: 2 | C47: =C46 + VLOOKUP(G47, Sheet1!$B$4:$C$13, 2, FALSE) + IF(H47="", 0, VLOOKUP(H47, Sheet1!$B$4:$C$13, 2, FALSE)) -> 14.860759 | D47: 1 | F47: 考えずに | G47: E
A48: 46 | B48: 1 | C48: =C47 + VLOOKUP(G48, Sheet1!$B$4:$C$13, 2, FALSE) + IF(H48="", 0, VLOOKUP(H48, Sheet1!$B$4:$C$13, 2, FALSE)) -> 15.810127 | D48: 1 | G48: H | H48: E
A49: 47 | B49: 1 | C49: =C48 + VLOOKUP(G49, Sheet1!$B$4:$C$13, 2, FALSE) + IF(H49="", 0, VLOOKUP(H49, Sheet1!$B$4:$C$13, 2, FALSE)) -> 16 | D49: 1 | G49: E
A50: 48 | B50: 1 | C50: =C49 + VLOOKUP(G50, Sheet1!$B$4:$C$13, 2, FALSE) + IF(H50="", 0, VLOOKUP(H50, Sheet1!$B$4:$C$13, 2, FALSE)) -> 16.56962 | D50: 1 | G50: DQ
A51: 49 | B51: 1 | C51: =C50 + VLOOKUP(G51, Sheet1!$B$4:$C$13, 2, FALSE) + IF(H51="", 0, VLOOKUP(H51, Sheet1!$B$4:$C$13, 2, FALSE)) -> 16.759494 | D51: 1 | G51: E
A52: 50 | B52: 1 | C52: =C51 + VLOOKUP(G52, Sheet1!$B$4:$C$13, 2, FALSE) + IF(H52="", 0, VLOOKUP(H52, Sheet1!$B$4:$C$13, 2, FALSE)) -> 17.329114 | D52: 1 | G52: DQ
A53: 51 | B53: 1 | C53: =C52 + VLOOKUP(G53, Sheet1!$B$4:$C$13, 2, FALSE) + IF(H53="", 0, VLOOKUP(H53, Sheet1!$B$4:$C$13, 2, FALSE)) -> 17.518987 | D53: 1 | G53: E
A54: 52 | B54: 0 | C54: =C53 + VLOOKUP(G54, Sheet1!$B$4:$C$13, 2, FALSE) + IF(H54="", 0, VLOOKUP(H54, Sheet1!$B$4:$C$13, 2, FALSE)) -> 17.708861 | D54: 8 | G54: E
A55: 53 | B55: 0 | C55: =C54 + VLOOKUP(G55, Sheet1!$B$4:$C$13, 2, FALSE) + IF(H55="", 0, VLOOKUP(H55, Sheet1!$B$4:$C$13, 2, FALSE)) -> 17.898734 | D55: 8 | G55: E
A56: 54 | B56: 2 | C56: =C55 + VLOOKUP(G56, Sheet1!$B$4:$C$13, 2, FALSE) + IF(H56="", 0, VLOOKUP(H56, Sheet1!$B$4:$C$13, 2, FALSE)) -> 18.278481 | D56: 5 | G56: Q
A57: 55 | B57: 1 | C57: =C56 + VLOOKUP(G57, Sheet1!$B$4:$C$13, 2, FALSE) + IF(H57="", 0, VLOOKUP(H57, Sheet1!$B$4:$C$13, 2, FALSE)) -> 18.848101 | D57: 5 | G57: DQ | I57: フぁフぁ＃フぁれ＃ど＃ド＃ドド＃レ＃
A58: 56 | B58: 1 | C58: =C57 + VLOOKUP(G58, Sheet1!$B$4:$C$13, 2, FALSE) + IF(H58="", 0, VLOOKUP(H58, Sheet1!$B$4:$C$13, 2, FALSE)) -> 19.037975 | D58: 6 | G58: E
A59: 57 | B59: 1 | C59: =C58 + VLOOKUP(G59, Sheet1!$B$4:$C$13, 2, FALSE) + IF(H59="", 0, VLOOKUP(H59, Sheet1!$B$4:$C$13, 2, FALSE)) -> 19.417722 | D59: 5 | G59: Q
A60: 58 | B60: 1 | C60: =C59 + VLOOKUP(G60, Sheet1!$B$4:$C$13, 2, FALSE) + IF(H60="", 0, VLOOKUP(H60, Sheet1!$B$4:$C$13, 2, FALSE)) -> 19.797468 | D60: 3 | G60: E | H60: E
A61: 59 | B61: 1 | C61: =C60 + VLOOKUP(G61, Sheet1!$B$4:$C$13, 2, FALSE) + IF(H61="", 0, VLOOKUP(H61, Sheet1!$B$4:$C$13, 2, FALSE)) -> 19.987342 | D61: 1 | G61: E
A62: 60 | B62: 1 | C62: =C61 + VLOOKUP(G62, Sheet1!$B$4:$C$13, 2, FALSE) + IF(H62="", 0, VLOOKUP(H62, Sheet1!$B$4:$C$13, 2, FALSE)) -> 20.367089 | D62: 1 | G62: Q
A63: 61 | B63: 1 | C63: =C62 + VLOOKUP(G63, Sheet1!$B$4:$C$13, 2, FALSE) + IF(H63="", 0, VLOOKUP(H63, Sheet1!$B$4:$C$13, 2, FALSE)) -> 20.651899 | D63: 0 | G63: DE
A64: 62 | B64: 1 | C64: =C63 + VLOOKUP(G64, Sheet1!$B$4:$C$13, 2, FALSE) + IF(H64="", 0, VLOOKUP(H64, Sheet1!$B$4:$C$13, 2, FALSE)) -> 21.031646 | D64: 1 | G64: Q
A65: 63 | B65: 1 | C65: =C64 + VLOOKUP(G65, Sheet1!$B$4:$C$13, 2, FALSE) + IF(H65="", 0, VLOOKUP(H65, Sheet1!$B$4:$C$13, 2, FALSE)) -> 21.221519 | D65: 3 | G65: E | I65: 過ごすのもいいよね
A66: 64 | B66: 2 | C66: =C65 + VLOOKUP(G66, Sheet1!$B$4:$C$13, 2, FALSE) + IF(H66="", 0, VLOOKUP(H66, Sheet1!$B$4:$C$13, 2, FALSE)) -> 21.981013 | D66: 5 | G66: H | I66: さざ波の
A67: 65 | B67: 2 | C67: =C66 + VLOOKUP(G67, Sheet1!$B$4:$C$13, 2, FALSE) + IF(H67="", 0, VLOOKUP(H67, Sheet1!$B$4:$C$13, 2, FALSE)) -> 22.360759 | D67: 6 | G67: Q
A68: 66 | B68: 2 | C68: =C67 + VLOOKUP(G68, Sheet1!$B$4:$C$13, 2, FALSE) + IF(H68="", 0, VLOOKUP(H68, Sheet1!$B$4:$C$13, 2, FALSE)) -> 22.740506 | D68: 5 | G68: Q
A69: 67 | B69: 2 | C69: =C68 + VLOOKUP(G69, Sheet1!$B$4:$C$13, 2, FALSE) + IF(H69="", 0, VLOOKUP(H69, Sheet1!$B$4:$C$13, 2, FALSE)) -> 23.120253 | D69: 0 | G69: Q
A70: 68 | B70: 2 | C70: =C69 + VLOOKUP(G70, Sheet1!$B$4:$C$13, 2, FALSE) + IF(H70="", 0, VLOOKUP(H70, Sheet1!$B$4:$C$13, 2, FALSE)) -> 23.5 | D70: 1 | G70: E | H70: E
A71: 69 | B71: 1 | C71: =C70 + VLOOKUP(G71, Sheet1!$B$4:$C$13, 2, FALSE) + IF(H71="", 0, VLOOKUP(H71, Sheet1!$B$4:$C$13, 2, FALSE)) -> 24.924051 | D71: 1 | G71: DH | H71: DE | I71: 音に癒されてる
A72: 70 | B72: 1 | C72: =C71 + VLOOKUP(G72, Sheet1!$B$4:$C$13, 2, FALSE) + IF(H72="", 0, VLOOKUP(H72, Sheet1!$B$4:$C$13, 2, FALSE)) -> 25.113924 | D72: 5 | G72: E
A73: 71 | B73: 1 | C73: =C72 + VLOOKUP(G73, Sheet1!$B$4:$C$13, 2, FALSE) + IF(H73="", 0, VLOOKUP(H73, Sheet1!$B$4:$C$13, 2, FALSE)) -> 25.493671 | D73: 8 | G73: Q
A74: 72 | B74: 1 | C74: =C73 + VLOOKUP(G74, Sheet1!$B$4:$C$13, 2, FALSE) + IF(H74="", 0, VLOOKUP(H74, Sheet1!$B$4:$C$13, 2, FALSE)) -> 25.873418 | D74: 5 | G74: Q
A75: 73 | B75: 1 | C75: =C74 + VLOOKUP(G75, Sheet1!$B$4:$C$13, 2, FALSE) + IF(H75="", 0, VLOOKUP(H75, Sheet1!$B$4:$C$13, 2, FALSE)) -> 26.253165 | D75: 0 | G75: Q
A76: 74 | B76: 1 | C76: =C75 + VLOOKUP(G76, Sheet1!$B$4:$C$13, 2, FALSE) + IF(H76="", 0, VLOOKUP(H76, Sheet1!$B$4:$C$13, 2, FALSE)) -> 26.443038 | D76: 0 | G76: E
A77: 75 | B77: 1 | C77: =C76 + VLOOKUP(G77, Sheet1!$B$4:$C$13, 2, FALSE) + IF(H77="", 0, VLOOKUP(H77, Sheet1!$B$4:$C$13, 2, FALSE)) -> 26.632911 | D77: 1 | G77: E
A78: 76 | B78: 1 | C78: =C77 + VLOOKUP(G78, Sheet1!$B$4:$C$13, 2, FALSE) + IF(H78="", 0, VLOOKUP(H78, Sheet1!$B$4:$C$13, 2, FALSE)) -> 26.822785 | D78: 3 | G78: E
A79: 77 | B79: 1 | C79: =C78 + VLOOKUP(G79, Sheet1!$B$4:$C$13, 2, FALSE) + IF(H79="", 0, VLOOKUP(H79, Sheet1!$B$4:$C$13, 2, FALSE)) -> 27.202532 | D79: 1 | G79: Q
A80: 78 | B80: 1 | C80: =C79 + VLOOKUP(G80, Sheet1!$B$4:$C$13, 2, FALSE) + IF(H80="", 0, VLOOKUP(H80, Sheet1!$B$4:$C$13, 2, FALSE)) -> 28.151899 | D80: 10 | G80: DQ | H80: Q | I80: /軌跡を運ぶ風の音
A81: 79 | B81: 1 | C81: =C80 + VLOOKUP(G81, Sheet1!$B$4:$C$13, 2, FALSE) + IF(H81="", 0, VLOOKUP(H81, Sheet1!$B$4:$C$13, 2, FALSE)) -> 28.341772 | D81: 8 | G81: E
A82: 80 | B82: 1 | C82: =C81 + VLOOKUP(G82, Sheet1!$B$4:$C$13, 2, FALSE) + IF(H82="", 0, VLOOKUP(H82, Sheet1!$B$4:$C$13, 2, FALSE)) -> 28.721519 | D82: 6 | G82: Q
A83: 81 | B83: 1 | C83: =C82 + VLOOKUP(G83, Sheet1!$B$4:$C$13, 2, FALSE) + IF(H83="", 0, VLOOKUP(H83, Sheet1!$B$4:$C$13, 2, FALSE)) -> 28.911392 | D83: 6 | G83: E
A84: 82 | B84: 1 | C84: =C83 + VLOOKUP(G84, Sheet1!$B$4:$C$13, 2, FALSE) + IF(H84="", 0, VLOOKUP(H84, Sheet1!$B$4:$C$13, 2, FALSE)) -> 29.291139 | D84: 5 | G84: Q
A85: 83 | B85: 1 | C85: =C84 + VLOOKUP(G85, Sheet1!$B$4:$C$13, 2, FALSE) + IF(H85="", 0, VLOOKUP(H85, Sheet1!$B$4:$C$13, 2, FALSE)) -> 29.481013 | D85: 6 | G85: E
A86: 84 | B86: 3 | C86: =C85 + VLOOKUP(G86, Sheet1!$B$4:$C$13, 2, FALSE) + IF(H86="", 0, VLOOKUP(H86, Sheet1!$B$4:$C$13, 2, FALSE)) -> 29.765823 | D86: 0 | G86: DE
A87: 85 | B87: 1 | C87: =C86 + VLOOKUP(G87, Sheet1!$B$4:$C$13, 2, FALSE) + IF(H87="", 0, VLOOKUP(H87, Sheet1!$B$4:$C$13, 2, FALSE)) -> 30.14557 | D87: 10 | G87: Q
A88: 86 | B88: 1 | C88: =C87 + VLOOKUP(G88, Sheet1!$B$4:$C$13, 2, FALSE) + IF(H88="", 0, VLOOKUP(H88, Sheet1!$B$4:$C$13, 2, FALSE)) -> 30.43038 | D88: 8 | G88: DE
A89: 87 | B89: 1 | C89: =C88 + VLOOKUP(G89, Sheet1!$B$4:$C$13, 2, FALSE) + IF(H89="", 0, VLOOKUP(H89, Sheet1!$B$4:$C$13, 2, FALSE)) -> 30.620253 | D89: 8 | G89: E
A90: 88 | B90: 1 | C90: =C89 + VLOOKUP(G90, Sheet1!$B$4:$C$13, 2, FALSE) + IF(H90="", 0, VLOOKUP(H90, Sheet1!$B$4:$C$13, 2, FALSE)) -> 31.189873 | D90: 9 | G90: Q | H90: E | I90: 時を閉じ込めて
A91: 89 | B91: 2 | C91: =C90 + VLOOKUP(G91, Sheet1!$B$4:$C$13, 2, FALSE) + IF(H91="", 0, VLOOKUP(H91, Sheet1!$B$4:$C$13, 2, FALSE)) -> 31.379747 | D91: 8 | G91: E
A92: 90 | B92: 2 | C92: =C91 + VLOOKUP(G92, Sheet1!$B$4:$C$13, 2, FALSE) + IF(H92="", 0, VLOOKUP(H92, Sheet1!$B$4:$C$13, 2, FALSE)) -> 31.664557 | D92: 6 | G92: DE
A93: 91 | B93: 2 | C93: =C92 + VLOOKUP(G93, Sheet1!$B$4:$C$13, 2, FALSE) + IF(H93="", 0, VLOOKUP(H93, Sheet1!$B$4:$C$13, 2, FALSE)) -> 32.044304 | D93: 6 | G93: Q
A94: 92 | B94: 2 | C94: =C93 + VLOOKUP(G94, Sheet1!$B$4:$C$13, 2, FALSE) + IF(H94="", 0, VLOOKUP(H94, Sheet1!$B$4:$C$13, 2, FALSE)) -> 32.329114 | D94: 8 | G94: DE
A95: 93 | B95: 2 | C95: =C94 + VLOOKUP(G95, Sheet1!$B$4:$C$13, 2, FALSE) + IF(H95="", 0, VLOOKUP(H95, Sheet1!$B$4:$C$13, 2, FALSE)) -> 32.708861 | D95: 9 | G95: Q
A96: 94 | B96: 0 | C96: =C95 + VLOOKUP(G96, Sheet1!$B$4:$C$13, 2, FALSE) + IF(H96="", 0, VLOOKUP(H96, Sheet1!$B$4:$C$13, 2, FALSE)) -> 33.278481 | D96: 11 | G96: DQ
A97: 95 | B97: 0 | C97: =C96 + VLOOKUP(G97, Sheet1!$B$4:$C$13, 2, FALSE) + IF(H97="", 0, VLOOKUP(H97, Sheet1!$B$4:$C$13, 2, FALSE)) -> 33.468354 | D97: 11 | G97: E | I97: ててんててんててん
A98: 96 | B98: 0 | C98: =C97 + VLOOKUP(G98, Sheet1!$B$4:$C$13, 2, FALSE) + IF(H98="", 0, VLOOKUP(H98, Sheet1!$B$4:$C$13, 2, FALSE)) -> 33.658228 | D98: 11 | G98: E
A99: 97 | B99: 0 | C99: =C98 + VLOOKUP(G99, Sheet1!$B$4:$C$13, 2, FALSE) + IF(H99="", 0, VLOOKUP(H99, Sheet1!$B$4:$C$13, 2, FALSE)) -> 34.037975 | D99: 11 | G99: E | H99: E
A100: 98 | B100: 0 | C100: =C99 + VLOOKUP(G100, Sheet1!$B$4:$C$13, 2, FALSE) + IF(H100="", 0, VLOOKUP(H100, Sheet1!$B$4:$C$13, 2, FALSE)) -> 34.227848 | D100: 11 | G100: E
...

Sheet Sheet1
A2: BMP | C2: 158 | D2: 150
A4: 全音符(W) | B4: W | C4: =C7*4 -> 1.5189873
A6: ２分音符（H） | B6: H | C6: =C7*2 -> 0.75949367
A7: ４分音符（Q） | B7: Q | C7: =SUM(60/C2) -> 0.37974684
A8: ８分音符（E） | B8: E | C8: =C7*0.5 -> 0.18987342
A9: １６分音符（S) | B9: S | C9: =C7*0.25 -> 0.094936709
A10: フ点２分音符（DH） | B10: DH | C10: =SUM(C7*3) -> 1.1392405
A11: フ点４分音符（DQ） | B11: DQ | C11: =C7*1.5 -> 0.56962025
A12: フ点８分音符（DE） | B12: DE | C12: =C7*0.75 -> 0.28481013
A13: フ点１６分音符（DS） | B13: DS | C13: =C7*0.375 -> 0.14240506

Sheet enemya_list
A1: 1 | B1: =DataList_EnemyA!C3 -> 1 | C1: 1
A2: 1 | B2: =DataList_EnemyA!C4 -> 1.3797468 | C2: 1
A3: 1 | B3: =DataList_EnemyA!C5 -> 1.7594937 | C3: 3
A4: 1 | B4: =DataList_EnemyA!C6 -> 2.1392405 | C4: 1
A5: 1 | B5: =DataList_EnemyA!C7 -> 2.3291139 | C5: 0
A6: 1 | B6: =DataList_EnemyA!C8 -> 2.5189873 | C6: 1
A7: 1 | B7: =DataList_EnemyA!C9 -> 2.7088608 | C7: 3
A8: 2 | B8: =DataList_EnemyA!C10 -> 3.0886076 | C8: 1
A9: 2 | B9: =DataList_EnemyA!C11 -> 3.8481013 | C9: 1
A10: 2 | B10: =DataList_EnemyA!C12 -> 4.2278481 | C10: 1
A11: 2 | B11: =DataList_EnemyA!C13 -> 4.6075949 | C11: 3
A12: 2 | B12: =DataList_EnemyA!C14 -> 4.9873418 | C12: 1
... A182: 3 | B182: =DataList_EnemyA!C184 -> 62.803797 | C182: 1
A183: 0 | B183: =DataList_EnemyA!C187 -> 66.221519 | C183: 11
A184: 0 | B184: =DataList_EnemyA!C188 -> 66.411392 | C184: 11
A185: 0 | B185: =DataList_EnemyA!C189 -> 66.601266 | C185: 11
A186: 0 | B186: =DataList_EnemyA!C190 -> 66.791139 | C186: 11
A187: 0 | B187: =DataList_EnemyA!C191 -> 66.981013 | C187: 4
A188: 0 | B188: =DataList_EnemyA!C192 -> 67.170886 | C188: 3
A189: 0 | B189: =DataList_EnemyA!C193 -> 67.360759 | C189: 4
A190: 1 | B190: =DataList_EnemyA!C194 -> 69.259494 | C190: 11
A191: 1 | B191: =DataList_EnemyA!C195 -> 69.449367 | C191: 11
A192: 1 | B192: =DataList_EnemyA!C196 -> 69.639241 | C192: 11
A193: 1 | B193: =DataList_EnemyA!C197 -> 69.829114 | C193: 11
A194: 1 | B194: =DataList_EnemyA!C198 -> 70.018987 | C194: 4
... A198: 1 | B198: =DataList_EnemyA!C202 -> 71.917722 | C198: 8
A199: 1 | B199: =DataList_EnemyA!C204 -> 74.955696 | C199: 10
A200: 2 | B200: =DataList_EnemyA!C205 -> 75.14557 | C200: 6
A201: 1 | B201: =DataList_EnemyA!C206 -> 75.525316 | C201: 5
A202: 2 | B202: =DataList_EnemyA!C207 -> 75.905063 | C202: 3
A203: 1 | B203: =DataList_EnemyA!C208 -> 76.28481 | C203: 0
A204: 2 | B204: =DataList_EnemyA!C209 -> 76.85443 | C204: 1
A205: 1 | B205: =DataList_EnemyA!C210 -> 77.234177 | C205: 3
A206: 1 | B206: =DataList_EnemyA!C211 -> 77.803797 | C206: 1
A207: 2 | B207: =DataList_EnemyA!C212 -> 78.563291 | C207: 0
A208: 2 | B208: =DataList_EnemyA!C213 -> 79.322785 | C208: 1
