Workbook

Sheet BGM3
A1: DataList
A2: No | B2: 出現時間 | C2: x座標 | D2: y座標
A3: 1 | B3: 2 | C3: 0.9 | D3: 11
A4: 2 | B4: 3 | C4: =C3+(Sheet1!B2-Sheet1!B1) -> 1.3802039 | D4: 2 | H4: =C4-C3 -> 0.4802039
A5: 3 | B5: 3 | C5: =C4+(Sheet1!B3-Sheet1!B2) -> 1.5000039 | D5: 6
A6: 4 | B6: 3 | C6: =C5+(Sheet1!B4-Sheet1!B3) -> 1.6203139 | D6: 7
A7: 5 | B7: 3 | C7: =C6+(Sheet1!B5-Sheet1!B4) -> 1.7802039 | D7: 6
A8: 6 | B8: 3 | C8: =C7+(Sheet1!B6-Sheet1!B5) -> 1.9000039 | D8: 2
A9: 7 | B9: 1 | C9: =C8+(Sheet1!B7-Sheet1!B6) -> 2.1802039 | D9: 11
A10: 8 | B10: 1 | C10: =C9+(Sheet1!B8-Sheet1!B7) -> 2.3401039 | D10: 9
A11: 9 | B11: 1 | C11: =C10+(Sheet1!B9-Sheet1!B8) -> 2.7000039 | D11: 11
A12: 10 | B12: 3 | C12: =C11+(Sheet1!B10-Sheet1!B9) -> 3.9000039 | D12: 7 | G12: a2
A13: 11 | B13: 3 | C13: =C12+(Sheet1!B11-Sheet1!B10) -> 4.1802039 | D13: 2
A14: 12 | B14: 3 | C14: =C13+(Sheet1!B12-Sheet1!B11) -> 4.5401039 | D14: 0
A15: 13 | B15: 3 | C15: =C14+(Sheet1!B13-Sheet1!B12) -> 4.6203139 | D15: 2
A16: 14 | B16: 3 | C16: =C15+(Sheet1!B14-Sheet1!B13) -> 4.8203139 | D16: 0
A17: 15 | B17: 2 | C17: =C16+(Sheet1!B15-Sheet1!B14) -> 4.9401039 | D17: 11
B18: 2 | C18: =C17+(Sheet1!B16-Sheet1!B15) -> 5.1802039 | D18: 9
B19: 2 | C19: =C18+(Sheet1!B17-Sheet1!B16) -> 5.3000039 | D19: 9
B20: 2 | C20: =C19+(Sheet1!B18-Sheet1!B17) -> 5.4203139 | D20: 4
B21: 2 | C21: =C20+(Sheet1!B19-Sheet1!B18) -> 5.7000039 | D21: 7
B22: 2 | C22: =C21+(Sheet1!B20-Sheet1!B19) -> 6.8598939 | D22: 11 | F22: a3
B23: 3 | C23: =C22+(Sheet1!B21-Sheet1!B20) -> 7.1802039 | D23: 7
B24: 3 | C24: =C23+(Sheet1!B22-Sheet1!B21) -> 7.3802039 | D24: 2
B25: 3 | C25: =C24+(Sheet1!B23-Sheet1!B22) -> 7.6203139 | D25: 7
B26: 3 | C26: =C25+(Sheet1!B24-Sheet1!B23) -> 7.8203139 | D26: 6
B27: 3 | C27: =C26+(Sheet1!B25-Sheet1!B24) -> 7.9401039 | D27: 4
B28: 3 | C28: =C27+(Sheet1!B26-Sheet1!B25) -> 8.1802039 | D28: 2
B29: 3 | C29: =C28+(Sheet1!B27-Sheet1!B26) -> 8.3401039 | D29: 2
B30: 2 | C30: =C29+(Sheet1!B28-Sheet1!B27) -> 8.7401039 | D30: 11
B31: 3 | C31: =C30+(Sheet1!B29-Sheet1!B28) -> 9.7802039 | D31: 0 | F31: a4
B32: 2 | C32: =C31+(Sheet1!B30-Sheet1!B29) -> 9.8598939 | D32: 7
B33: 2 | C33: =C32+(Sheet1!B31-Sheet1!B30) -> 10.380204 | D33: 7
B34: 3 | C34: =C33+(Sheet1!B32-Sheet1!B31) -> 10.540104 | D34: 2
B35: 2 | C35: =C34+(Sheet1!B33-Sheet1!B32) -> 10.820304 | D35: 10
B36: 1 | C36: =C35+(Sheet1!B34-Sheet1!B33) -> 10.900004 | D36: 9
B37: 1 | C37: =C36+(Sheet1!B35-Sheet1!B34) -> 11.180204 | D37: 7
B38: 1 | C38: =C37+(Sheet1!B36-Sheet1!B35) -> 11.380204 | D38: 6
B39: 3 | C39: =C38+(Sheet1!B37-Sheet1!B36) -> 12.780204 | D39: 7 | F39: a5
B40: 3 | C40: =C39+(Sheet1!B38-Sheet1!B37) -> 13.259904 | D40: 9
B41: 3 | C41: =C40+(Sheet1!B39-Sheet1!B38) -> 13.580204 | D41: 9
B42: 3 | C42: =C41+(Sheet1!B40-Sheet1!B39) -> 14.040104 | D42: 7
B43: 3 | C43: =C42+(Sheet1!B41-Sheet1!B40) -> 14.380204 | D43: 9
B44: 3 | C44: =C43+(Sheet1!B42-Sheet1!B41) -> 14.700004 | D44: 7
B45: 3 | C45: =C44+(Sheet1!B43-Sheet1!B42) -> 14.859904 | D45: 2
B46: 3 | C46: =C45+(Sheet1!B44-Sheet1!B43) -> 15.180204 | D46: 9
B47: 3 | C47: =C46+(Sheet1!B45-Sheet1!B44) -> 15.540104 | D47: 7
B48: 3 | C48: =C47+(Sheet1!B46-Sheet1!B45) -> 16.180204 | D48: 7
B49: 3 | C49: =C48+(Sheet1!B47-Sheet1!B46) -> 16.220304 | D49: 9
B50: 3 | C50: =C49+(Sheet1!B48-Sheet1!B47) -> 16.540104 | D50: 3
B51: 3 | C51: =C50+(Sheet1!B49-Sheet1!B48) -> 17.300004 | D51: 2
... B59: 2 | C59: =C58+(Sheet1!B57-Sheet1!B56) -> 20.700004 | D59: 2
B60: 2 | C60: =C59+(Sheet1!B58-Sheet1!B57) -> 20.859904 | D60: 0 | I60: 0 | J60: =C59+(Sheet1!A58-Sheet1!A57) -> 20.700004 | K60: 4
B61: 0 | C61: =C60+(Sheet1!B59-Sheet1!B58) -> 21.059904 | D61: 11
B62: 0 | C62: =C61+(Sheet1!B60-Sheet1!B59) -> 21.290104 | D62: 7
B63: 3 | C63: =C62+(Sheet1!B61-Sheet1!B60) -> 22.220304 | D63: 2 | I63: 0 | J63: =C62+(Sheet1!A61-Sheet1!A60) -> 21.490104 | K63: 4 | R63: a
B64: 3 | C64: =C63+(Sheet1!B62-Sheet1!B61) -> 22.380204 | D64: 0
B65: 3 | C65: =C64+(Sheet1!B63-Sheet1!B62) -> 22.540104 | D65: 11 | I65: 1 | J65: =C64+(Sheet1!A63-Sheet1!A62) -> 22.870304 | K65: 9
B66: 3 | C66: =C65+(Sheet1!B64-Sheet1!B63) -> 22.940104 | D66: 7 | I66: 0 | J66: =J65+(Sheet1!A64-Sheet1!A63) -> 23.030204 | K66: 4
B67: 0 | C67: =C66+(Sheet1!B65-Sheet1!B64) -> 22.940104 | D67: 8 | I67: 3 | J67: =J66+(Sheet1!A65-Sheet1!A64) -> 23.070304 | K67: 0
B68: 3 | C68: =C67+(Sheet1!B66-Sheet1!B65) -> 23.100004 | D68: 3 | I68: 0 | J68: =J67+(Sheet1!A66-Sheet1!A65) -> 23.110404 | K68: 9
B69: 3 | C69: =C68+(Sheet1!B67-Sheet1!B66) -> 23.380204 | D69: 6 | I69: 3 | J69: =J68+(Sheet1!A67-Sheet1!A66) -> 23.130204 | K69: 0
B70: 3 | C70: =C69+(Sheet1!B68-Sheet1!B67) -> 23.659904 | D70: 2
B71: 3 | C71: =C70+(Sheet1!B69-Sheet1!B68) -> 24.059904 | D71: 9
B72: 3 | C72: =C71+(Sheet1!B70-Sheet1!B69) -> 24.740104 | D72: 11
B73: 3 | C73: =C72+(Sheet1!B71-Sheet1!B70) -> 25.380204 | D73: 2
B74: 3 | C74: =C73+(Sheet1!B72-Sheet1!B71) -> 25.500004 | D74: 6
B75: 3 | C75: =C74+(Sheet1!B73-Sheet1!B72) -> 25.620304 | D75: 7
B76: 3 | C76: =C75+(Sheet1!B74-Sheet1!B73) -> 25.780204 | D76: 6
B77: 3 | C77: =C76+(Sheet1!B75-Sheet1!B74) -> 25.900004 | D77: 2
B78: 3 | C78: =C77+(Sheet1!B76-Sheet1!B75) -> 26.180204 | D78: 11
B79: 3 | C79: =C78+(Sheet1!B77-Sheet1!B76) -> 26.340104 | D79: 9
B80: 3 | C80: =C79+(Sheet1!B78-Sheet1!B77) -> 26.700004 | D80: 11
B81: 3 | C81: =C80+(Sheet1!B79-Sheet1!B78) -> 27.790104 | D81: 7
... B96: 3 | C96: =C95+(Sheet1!B94-Sheet1!B93) -> 32.0197 | D96: 4
B97: 3 | C97: =C96+(Sheet1!B95-Sheet1!B94) -> 32.2598 | D97: 2 | I97: 3 | J97: =C96+(Sheet1!A95-Sheet1!A94) -> 33.1098 | K97: 7
B98: 3 | C98: =C97+(Sheet1!B96-Sheet1!B95) -> 32.4197 | D98: 2 | I98: 0 | J98: =J97+(Sheet1!A96-Sheet1!A95) -> 33.1098 | K98: 4
B99: 3 | C99: =C98+(Sheet1!B97-Sheet1!B96) -> 32.8598 | D99: 11 | I99: 2 | J99: =J98+(Sheet1!A97-Sheet1!A96) -> 33.1098 | K99: 7
B100: 3 | C100: =C99+(Sheet1!B98-Sheet1!B97) -> 34.4197 | D100: 7 | I100: 2 | J100: =J99+(Sheet1!A98-Sheet1!A97) -> 33.1098 | K100: 6
B101: 3 | C101: =C100+(Sheet1!B99-Sheet1!B98) -> 34.6197 | D101: 2 | I101: 2 | J101: =J100+(Sheet1!A99-Sheet1!A98) -> 33.1098 | K101: 2
B102: 3 | C102: =C101+(Sheet1!B100-Sheet1!B99) -> 34.8598 | D102: 10 | I102: 0 | J102: =J101+(Sheet1!A100-Sheet1!A99) -> 33.1098 | K102: 11
B103: 3 | C103: =C102+(Sheet1!B101-Sheet1!B100) -> 34.9801 | D103: 9 | H103: =H102+(Sheet1!F101-Sheet1!F100) -> 0 | J103: =J102+(Sheet1!A101-Sheet1!A100) -> 34.2301
B104: 3 | C104: =C103+(Sheet1!B102-Sheet1!B101) -> 35.2197 | D104: 7 | J104: 3
B105: 3 | C105: =C104+(Sheet1!B103-Sheet1!B102) -> 35.3801 | D105: 11
B106: 3 | C106: =C105+(Sheet1!B104-Sheet1!B103) -> 35.4598 | D106: 6
B107: 3 | C107: =C106+(Sheet1!B105-Sheet1!B104) -> 35.7801 | D107: 2
B108: 3 | C108: =C107+(Sheet1!B106-Sheet1!B105) -> 36.6598 | D108: 7
B109: 3 | C109: =C108+(Sheet1!B107-Sheet1!B106) -> 36.8598 | D109: 9
B110: 3 | C110: =C109+(Sheet1!B108-Sheet1!B107) -> 38.14 | D110: 7
B111: 3 | C111: =C110+(Sheet1!B109-Sheet1!B108) -> 38.3801 | D111: 9
B112: 3 | C112: =C111+(Sheet1!B110-Sheet1!B109) -> 39.6197 | D112: 7
B113: 3 | C113: =C112+(Sheet1!B111-Sheet1!B110) -> 39.94 | D113: 9
B114: 3 | C114: =C113+(Sheet1!B112-Sheet1!B111) -> 40.2598 | D114: 11
B115: 3 | C115: =C114+(Sheet1!B113-Sheet1!B112) -> 40.54 | D115: 9
B116: 3 | C116: =C115+(Sheet1!B114-Sheet1!B113) -> 40.6197 | D116: 2
... B189: 3 | C189: =C188+(Sheet1!B187-Sheet1!B186) -> 63.2802 | D189: 4
B190: 3 | C190: =C189+(Sheet1!B188-Sheet1!B187) -> 63.6401 | D190: 2 | H190: =C189+(Sheet1!A188-Sheet1!A187) -> 64.7901
B191: 3 | C191: =C190+(Sheet1!B189-Sheet1!B188) -> 63.8401 | D191: 7 | H191: =C190+(Sheet1!A189-Sheet1!A188) -> 63.9203
B192: 3 | C192: =C191+(Sheet1!B190-Sheet1!B189) -> 63.9203 | D192: 9
B193: 3 | C193: =C192+(Sheet1!B191-Sheet1!B190) -> 64.2401 | D193: 11
...

Sheet Sheet1
A1: 0.8598961 | B1: 1.2
A2: 1.3401 | B2: 1.6802039 | D2: =A2-A1 -> 0.4802039
A3: 1.4599 | B3: 1.8000039
A4: 1.58021 | B4: 1.9203139
A5: 1.7401 | B5: 2.0802039
A6: 1.8599 | B6: 2.2000039
A7: 2.1401 | B7: 2.4802039
A8: 2.3 | B8: 2.6401039
A9: 2.6599 | B9: 3.0000039
A10: 3.8599 | B10: 4.2000039
A11: 4.1401 | B11: 4.4802039
A12: 4.5 | B12: 4.8401039
A13: 4.58021 | B13: 4.9203139
A14: 4.78021 | B14: 5.1203139
... A455: 143.201 | B455: 145.0599
A456: 144.36
A457: 144.88
A458: 145.04
A459: 145.12
A460: 145.28
A461: 145.44
A462: 145.68
A463: 145.76
A464: 145.84
A465: 146.24
A466: 147.28
A467: 147.32
... A476: 148.84

Sheet BGM3CSV
A1: 2 | B1: ='BGM3'!C3 -> 0.9 | C1: 11
A2: 3 | B2: ='BGM3'!C4 -> 1.3802039 | C2: 2
A3: 3 | B3: ='BGM3'!C5 -> 1.5000039 | C3: 6
A4: 3 | B4: ='BGM3'!C6 -> 1.6203139 | C4: 7
A5: 3 | B5: ='BGM3'!C7 -> 1.7802039 | C5: 6
A6: 3 | B6: ='BGM3'!C8 -> 1.9000039 | C6: 2
A7: 1 | B7: ='BGM3'!C9 -> 2.1802039 | C7: 11
A8: 1 | B8: ='BGM3'!C10 -> 2.3401039 | C8: 9
A9: 1 | B9: ='BGM3'!C11 -> 2.7000039 | C9: 11
A10: 3 | B10: ='BGM3'!C12 -> 3.9000039 | C10: 7
A11: 3 | B11: ='BGM3'!C13 -> 4.1802039 | C11: 2
A12: 3 | B12: ='BGM3'!C14 -> 4.5401039 | C12: 0
... A455: 2 | B455: ='BGM3'!C457 -> 144.7599 | C455: 7
